<annotation>
	<folder>apple</folder>
	<filename>apple_00033.jpg</filename>
	<path>C:\My_Files\UpWork_jobs\refrigerator_object_detection2\refiragerator_dataset\apple\apple_00033.jpg</path>
	<source>
		<database>Unknown</database>
	</source>
	<size>
		<width>224</width>
		<height>224</height>
		<depth>3</depth>
	</size>
	<segmented>0</segmented>
	<object>
		<name>apple</name>
		<pose>Unspecified</pose>
		<truncated>0</truncated>
		<difficult>0</difficult>
		<bndbox>
			<xmin>44</xmin>
			<ymin>51</ymin>
			<xmax>117</xmax>
			<ymax>179</ymax>
		</bndbox>
	</object>
	<object>
		<name>apple</name>
		<pose>Unspecified</pose>
		<truncated>0</truncated>
		<difficult>0</difficult>
		<bndbox>
			<xmin>88</xmin>
			<ymin>23</ymin>
			<xmax>150</xmax>
			<ymax>141</ymax>
		</bndbox>
	</object>
	<object>
		<name>apple</name>
		<pose>Unspecified</pose>
		<truncated>0</truncated>
		<difficult>0</difficult>
		<bndbox>
			<xmin>106</xmin>
			<ymin>133</ymin>
			<xmax>136</xmax>
			<ymax>207</ymax>
		</bndbox>
	</object>
	<object>
		<name>apple</name>
		<pose>Unspecified</pose>
		<truncated>0</truncated>
		<difficult>0</difficult>
		<bndbox>
			<xmin>132</xmin>
			<ymin>139</ymin>
			<xmax>152</xmax>
			<ymax>208</ymax>
		</bndbox>
	</object>
	<object>
		<name>apple</name>
		<pose>Unspecified</pose>
		<truncated>0</truncated>
		<difficult>0</difficult>
		<bndbox>
			<xmin>145</xmin>
			<ymin>151</ymin>
			<xmax>172</xmax>
			<ymax>204</ymax>
		</bndbox>
	</object>
</annotation>