<annotation>
	<folder>banana</folder>
	<filename>banana_00059.jpg</filename>
	<path>C:\My_Files\UpWork_jobs\refrigerator_object_detection2\refiragerator_dataset\banana\banana_00059.jpg</path>
	<source>
		<database>Unknown</database>
	</source>
	<size>
		<width>224</width>
		<height>224</height>
		<depth>3</depth>
	</size>
	<segmented>0</segmented>
	<object>
		<name>banana</name>
		<pose>Unspecified</pose>
		<truncated>0</truncated>
		<difficult>0</difficult>
		<bndbox>
			<xmin>27</xmin>
			<ymin>31</ymin>
			<xmax>142</xmax>
			<ymax>203</ymax>
		</bndbox>
	</object>
	<object>
		<name>banana</name>
		<pose>Unspecified</pose>
		<truncated>0</truncated>
		<difficult>0</difficult>
		<bndbox>
			<xmin>89</xmin>
			<ymin>23</ymin>
			<xmax>196</xmax>
			<ymax>128</ymax>
		</bndbox>
	</object>
</annotation>