<annotation>
	<folder>beef_mince</folder>
	<filename>beef_mince_00039.jpg</filename>
	<path>C:\My_Files\UpWork_jobs\refrigerator_object_detection\refiragerator_dataset\beef_mince\beef_mince_00039.jpg</path>
	<source>
		<database>Unknown</database>
	</source>
	<size>
		<width>224</width>
		<height>224</height>
		<depth>3</depth>
	</size>
	<segmented>0</segmented>
	<object>
		<name>beef_mince</name>
		<pose>Unspecified</pose>
		<truncated>0</truncated>
		<difficult>0</difficult>
		<bndbox>
			<xmin>10</xmin>
			<ymin>33</ymin>
			<xmax>220</xmax>
			<ymax>197</ymax>
		</bndbox>
	</object>
</annotation>