<annotation>
	<folder>beetroot</folder>
	<filename>beetroot_00043.jpg</filename>
	<path>C:\My_Files\UpWork_jobs\refrigerator_object_detection2\refiragerator_dataset\beetroot\beetroot_00043.jpg</path>
	<source>
		<database>Unknown</database>
	</source>
	<size>
		<width>224</width>
		<height>224</height>
		<depth>3</depth>
	</size>
	<segmented>0</segmented>
	<object>
		<name>beetroot</name>
		<pose>Unspecified</pose>
		<truncated>0</truncated>
		<difficult>0</difficult>
		<bndbox>
			<xmin>6</xmin>
			<ymin>93</ymin>
			<xmax>78</xmax>
			<ymax>195</ymax>
		</bndbox>
	</object>
	<object>
		<name>beetroot</name>
		<pose>Unspecified</pose>
		<truncated>0</truncated>
		<difficult>0</difficult>
		<bndbox>
			<xmin>73</xmin>
			<ymin>88</ymin>
			<xmax>146</xmax>
			<ymax>206</ymax>
		</bndbox>
	</object>
</annotation>