<annotation>
	<folder>beetroot</folder>
	<filename>beetroot_00050.jpg</filename>
	<path>C:\My_Files\UpWork_jobs\refrigerator_object_detection2\refiragerator_dataset\beetroot\beetroot_00050.jpg</path>
	<source>
		<database>Unknown</database>
	</source>
	<size>
		<width>224</width>
		<height>224</height>
		<depth>3</depth>
	</size>
	<segmented>0</segmented>
	<object>
		<name>beetroot</name>
		<pose>Unspecified</pose>
		<truncated>0</truncated>
		<difficult>0</difficult>
		<bndbox>
			<xmin>14</xmin>
			<ymin>85</ymin>
			<xmax>206</xmax>
			<ymax>212</ymax>
		</bndbox>
	</object>
</annotation>