<annotation>
	<folder>beetroot</folder>
	<filename>beetroot_00017.jpg</filename>
	<path>C:\My_Files\UpWork_jobs\refrigerator_object_detection\refiragerator_dataset\beetroot\beetroot_00017.jpg</path>
	<source>
		<database>Unknown</database>
	</source>
	<size>
		<width>224</width>
		<height>224</height>
		<depth>3</depth>
	</size>
	<segmented>0</segmented>
	<object>
		<name>beetroot</name>
		<pose>Unspecified</pose>
		<truncated>0</truncated>
		<difficult>0</difficult>
		<bndbox>
			<xmin>91</xmin>
			<ymin>46</ymin>
			<xmax>185</xmax>
			<ymax>135</ymax>
		</bndbox>
	</object>
	<object>
		<name>beetroot</name>
		<pose>Unspecified</pose>
		<truncated>0</truncated>
		<difficult>0</difficult>
		<bndbox>
			<xmin>30</xmin>
			<ymin>64</ymin>
			<xmax>97</xmax>
			<ymax>130</ymax>
		</bndbox>
	</object>
	<object>
		<name>beetroot</name>
		<pose>Unspecified</pose>
		<truncated>0</truncated>
		<difficult>0</difficult>
		<bndbox>
			<xmin>117</xmin>
			<ymin>115</ymin>
			<xmax>207</xmax>
			<ymax>188</ymax>
		</bndbox>
	</object>
	<object>
		<name>beetroot</name>
		<pose>Unspecified</pose>
		<truncated>0</truncated>
		<difficult>0</difficult>
		<bndbox>
			<xmin>75</xmin>
			<ymin>116</ymin>
			<xmax>143</xmax>
			<ymax>186</ymax>
		</bndbox>
	</object>
	<object>
		<name>beetroot</name>
		<pose>Unspecified</pose>
		<truncated>0</truncated>
		<difficult>0</difficult>
		<bndbox>
			<xmin>47</xmin>
			<ymin>121</ymin>
			<xmax>92</xmax>
			<ymax>177</ymax>
		</bndbox>
	</object>
</annotation>