<annotation>
	<folder>beetroot</folder>
	<filename>beetroot_00030.jpg</filename>
	<path>C:\My_Files\UpWork_jobs\refrigerator_object_detection\refiragerator_dataset\beetroot\beetroot_00030.jpg</path>
	<source>
		<database>Unknown</database>
	</source>
	<size>
		<width>224</width>
		<height>224</height>
		<depth>3</depth>
	</size>
	<segmented>0</segmented>
	<object>
		<name>beetroot</name>
		<pose>Unspecified</pose>
		<truncated>0</truncated>
		<difficult>0</difficult>
		<bndbox>
			<xmin>152</xmin>
			<ymin>97</ymin>
			<xmax>213</xmax>
			<ymax>210</ymax>
		</bndbox>
	</object>
	<object>
		<name>beetroot</name>
		<pose>Unspecified</pose>
		<truncated>0</truncated>
		<difficult>0</difficult>
		<bndbox>
			<xmin>153</xmin>
			<ymin>76</ymin>
			<xmax>215</xmax>
			<ymax>136</ymax>
		</bndbox>
	</object>
	<object>
		<name>beetroot</name>
		<pose>Unspecified</pose>
		<truncated>0</truncated>
		<difficult>0</difficult>
		<bndbox>
			<xmin>163</xmin>
			<ymin>56</ymin>
			<xmax>213</xmax>
			<ymax>104</ymax>
		</bndbox>
	</object>
	<object>
		<name>beetroot</name>
		<pose>Unspecified</pose>
		<truncated>0</truncated>
		<difficult>0</difficult>
		<bndbox>
			<xmin>71</xmin>
			<ymin>115</ymin>
			<xmax>109</xmax>
			<ymax>190</ymax>
		</bndbox>
	</object>
	<object>
		<name>beetroot</name>
		<pose>Unspecified</pose>
		<truncated>0</truncated>
		<difficult>0</difficult>
		<bndbox>
			<xmin>34</xmin>
			<ymin>155</ymin>
			<xmax>84</xmax>
			<ymax>219</ymax>
		</bndbox>
	</object>
	<object>
		<name>beetroot</name>
		<pose>Unspecified</pose>
		<truncated>0</truncated>
		<difficult>0</difficult>
		<bndbox>
			<xmin>13</xmin>
			<ymin>78</ymin>
			<xmax>53</xmax>
			<ymax>157</ymax>
		</bndbox>
	</object>
	<object>
		<name>beetroot</name>
		<pose>Unspecified</pose>
		<truncated>0</truncated>
		<difficult>0</difficult>
		<bndbox>
			<xmin>15</xmin>
			<ymin>56</ymin>
			<xmax>46</xmax>
			<ymax>101</ymax>
		</bndbox>
	</object>
</annotation>