<annotation>
	<folder>beetroot</folder>
	<filename>beetroot_00035.jpg</filename>
	<path>C:\My_Files\UpWork_jobs\refrigerator_object_detection\refiragerator_dataset\beetroot\beetroot_00035.jpg</path>
	<source>
		<database>Unknown</database>
	</source>
	<size>
		<width>224</width>
		<height>224</height>
		<depth>3</depth>
	</size>
	<segmented>0</segmented>
	<object>
		<name>beetroot</name>
		<pose>Unspecified</pose>
		<truncated>0</truncated>
		<difficult>0</difficult>
		<bndbox>
			<xmin>41</xmin>
			<ymin>50</ymin>
			<xmax>103</xmax>
			<ymax>156</ymax>
		</bndbox>
	</object>
	<object>
		<name>beetroot</name>
		<pose>Unspecified</pose>
		<truncated>0</truncated>
		<difficult>0</difficult>
		<bndbox>
			<xmin>86</xmin>
			<ymin>113</ymin>
			<xmax>148</xmax>
			<ymax>206</ymax>
		</bndbox>
	</object>
	<object>
		<name>beetroot</name>
		<pose>Unspecified</pose>
		<truncated>0</truncated>
		<difficult>0</difficult>
		<bndbox>
			<xmin>101</xmin>
			<ymin>85</ymin>
			<xmax>153</xmax>
			<ymax>146</ymax>
		</bndbox>
	</object>
	<object>
		<name>beetroot</name>
		<pose>Unspecified</pose>
		<truncated>0</truncated>
		<difficult>0</difficult>
		<bndbox>
			<xmin>146</xmin>
			<ymin>22</ymin>
			<xmax>199</xmax>
			<ymax>106</ymax>
		</bndbox>
	</object>
	<object>
		<name>beetroot</name>
		<pose>Unspecified</pose>
		<truncated>0</truncated>
		<difficult>0</difficult>
		<bndbox>
			<xmin>99</xmin>
			<ymin>75</ymin>
			<xmax>130</xmax>
			<ymax>128</ymax>
		</bndbox>
	</object>
</annotation>