<annotation>
	<folder>beetroot</folder>
	<filename>beetroot_00048.jpg</filename>
	<path>C:\My_Files\UpWork_jobs\refrigerator_object_detection\refiragerator_dataset\beetroot\beetroot_00048.jpg</path>
	<source>
		<database>Unknown</database>
	</source>
	<size>
		<width>224</width>
		<height>224</height>
		<depth>3</depth>
	</size>
	<segmented>0</segmented>
	<object>
		<name>beetroot</name>
		<pose>Unspecified</pose>
		<truncated>0</truncated>
		<difficult>0</difficult>
		<bndbox>
			<xmin>66</xmin>
			<ymin>116</ymin>
			<xmax>121</xmax>
			<ymax>183</ymax>
		</bndbox>
	</object>
	<object>
		<name>beetroot</name>
		<pose>Unspecified</pose>
		<truncated>0</truncated>
		<difficult>0</difficult>
		<bndbox>
			<xmin>131</xmin>
			<ymin>106</ymin>
			<xmax>190</xmax>
			<ymax>179</ymax>
		</bndbox>
	</object>
	<object>
		<name>beetroot</name>
		<pose>Unspecified</pose>
		<truncated>0</truncated>
		<difficult>0</difficult>
		<bndbox>
			<xmin>169</xmin>
			<ymin>76</ymin>
			<xmax>214</xmax>
			<ymax>144</ymax>
		</bndbox>
	</object>
	<object>
		<name>beetroot</name>
		<pose>Unspecified</pose>
		<truncated>0</truncated>
		<difficult>0</difficult>
		<bndbox>
			<xmin>105</xmin>
			<ymin>97</ymin>
			<xmax>137</xmax>
			<ymax>138</ymax>
		</bndbox>
	</object>
</annotation>