<annotation>
	<folder>bellpepper</folder>
	<filename>bellpepper_00053.jpg</filename>
	<path>C:\My_Files\UpWork_jobs\refrigerator_object_detection\refiragerator_dataset\bellpepper\bellpepper_00053.jpg</path>
	<source>
		<database>Unknown</database>
	</source>
	<size>
		<width>224</width>
		<height>224</height>
		<depth>3</depth>
	</size>
	<segmented>0</segmented>
	<object>
		<name>bellpepper</name>
		<pose>Unspecified</pose>
		<truncated>0</truncated>
		<difficult>0</difficult>
		<bndbox>
			<xmin>26</xmin>
			<ymin>101</ymin>
			<xmax>117</xmax>
			<ymax>192</ymax>
		</bndbox>
	</object>
	<object>
		<name>bellpepper</name>
		<pose>Unspecified</pose>
		<truncated>0</truncated>
		<difficult>0</difficult>
		<bndbox>
			<xmin>113</xmin>
			<ymin>51</ymin>
			<xmax>199</xmax>
			<ymax>174</ymax>
		</bndbox>
	</object>
	<object>
		<name>bellpepper</name>
		<pose>Unspecified</pose>
		<truncated>0</truncated>
		<difficult>0</difficult>
		<bndbox>
			<xmin>55</xmin>
			<ymin>46</ymin>
			<xmax>127</xmax>
			<ymax>126</ymax>
		</bndbox>
	</object>
</annotation>