<annotation>
	<folder>bellpepper</folder>
	<filename>bellpepper_00012.jpg</filename>
	<path>C:\My_Files\UpWork_jobs\refrigerator_object_detection\refiragerator_dataset\bellpepper\bellpepper_00012.jpg</path>
	<source>
		<database>Unknown</database>
	</source>
	<size>
		<width>224</width>
		<height>224</height>
		<depth>3</depth>
	</size>
	<segmented>0</segmented>
	<object>
		<name>bellpepper</name>
		<pose>Unspecified</pose>
		<truncated>0</truncated>
		<difficult>0</difficult>
		<bndbox>
			<xmin>64</xmin>
			<ymin>46</ymin>
			<xmax>192</xmax>
			<ymax>206</ymax>
		</bndbox>
	</object>
	<object>
		<name>bellpepper</name>
		<pose>Unspecified</pose>
		<truncated>1</truncated>
		<difficult>0</difficult>
		<bndbox>
			<xmin>1</xmin>
			<ymin>32</ymin>
			<xmax>138</xmax>
			<ymax>133</ymax>
		</bndbox>
	</object>
	<object>
		<name>bellpepper</name>
		<pose>Unspecified</pose>
		<truncated>1</truncated>
		<difficult>0</difficult>
		<bndbox>
			<xmin>176</xmin>
			<ymin>13</ymin>
			<xmax>224</xmax>
			<ymax>90</ymax>
		</bndbox>
	</object>
	<object>
		<name>bellpepper</name>
		<pose>Unspecified</pose>
		<truncated>1</truncated>
		<difficult>0</difficult>
		<bndbox>
			<xmin>184</xmin>
			<ymin>87</ymin>
			<xmax>224</xmax>
			<ymax>174</ymax>
		</bndbox>
	</object>
	<object>
		<name>bellpepper</name>
		<pose>Unspecified</pose>
		<truncated>1</truncated>
		<difficult>0</difficult>
		<bndbox>
			<xmin>9</xmin>
			<ymin>1</ymin>
			<xmax>123</xmax>
			<ymax>41</ymax>
		</bndbox>
	</object>
</annotation>