<annotation>
	<folder>bellpepper</folder>
	<filename>bellpepper_00035.jpg</filename>
	<path>C:\My_Files\UpWork_jobs\refrigerator_object_detection\refiragerator_dataset\bellpepper\bellpepper_00035.jpg</path>
	<source>
		<database>Unknown</database>
	</source>
	<size>
		<width>224</width>
		<height>224</height>
		<depth>3</depth>
	</size>
	<segmented>0</segmented>
	<object>
		<name>bellpepper</name>
		<pose>Unspecified</pose>
		<truncated>0</truncated>
		<difficult>0</difficult>
		<bndbox>
			<xmin>35</xmin>
			<ymin>89</ymin>
			<xmax>156</xmax>
			<ymax>195</ymax>
		</bndbox>
	</object>
	<object>
		<name>bellpepper</name>
		<pose>Unspecified</pose>
		<truncated>0</truncated>
		<difficult>0</difficult>
		<bndbox>
			<xmin>141</xmin>
			<ymin>90</ymin>
			<xmax>217</xmax>
			<ymax>175</ymax>
		</bndbox>
	</object>
	<object>
		<name>bellpepper</name>
		<pose>Unspecified</pose>
		<truncated>0</truncated>
		<difficult>0</difficult>
		<bndbox>
			<xmin>154</xmin>
			<ymin>34</ymin>
			<xmax>193</xmax>
			<ymax>88</ymax>
		</bndbox>
	</object>
	<object>
		<name>bellpepper</name>
		<pose>Unspecified</pose>
		<truncated>0</truncated>
		<difficult>0</difficult>
		<bndbox>
			<xmin>48</xmin>
			<ymin>8</ymin>
			<xmax>159</xmax>
			<ymax>88</ymax>
		</bndbox>
	</object>
</annotation>