<annotation>
	<folder>bellpepper</folder>
	<filename>bellpepper_00045.jpg</filename>
	<path>C:\My_Files\UpWork_jobs\refrigerator_object_detection\refiragerator_dataset\bellpepper\bellpepper_00045.jpg</path>
	<source>
		<database>Unknown</database>
	</source>
	<size>
		<width>224</width>
		<height>224</height>
		<depth>3</depth>
	</size>
	<segmented>0</segmented>
	<object>
		<name>bellpepper</name>
		<pose>Unspecified</pose>
		<truncated>0</truncated>
		<difficult>0</difficult>
		<bndbox>
			<xmin>61</xmin>
			<ymin>114</ymin>
			<xmax>119</xmax>
			<ymax>201</ymax>
		</bndbox>
	</object>
	<object>
		<name>bellpepper</name>
		<pose>Unspecified</pose>
		<truncated>0</truncated>
		<difficult>0</difficult>
		<bndbox>
			<xmin>153</xmin>
			<ymin>107</ymin>
			<xmax>212</xmax>
			<ymax>208</ymax>
		</bndbox>
	</object>
	<object>
		<name>bellpepper</name>
		<pose>Unspecified</pose>
		<truncated>0</truncated>
		<difficult>0</difficult>
		<bndbox>
			<xmin>30</xmin>
			<ymin>81</ymin>
			<xmax>81</xmax>
			<ymax>158</ymax>
		</bndbox>
	</object>
</annotation>