<annotation>
	<folder>bellpepper</folder>
	<filename>bellpepper_00058.jpg</filename>
	<path>C:\My_Files\UpWork_jobs\refrigerator_object_detection2\refiragerator_dataset\bellpepper\bellpepper_00058.jpg</path>
	<source>
		<database>Unknown</database>
	</source>
	<size>
		<width>224</width>
		<height>224</height>
		<depth>3</depth>
	</size>
	<segmented>0</segmented>
	<object>
		<name>bellpepper</name>
		<pose>Unspecified</pose>
		<truncated>0</truncated>
		<difficult>0</difficult>
		<bndbox>
			<xmin>55</xmin>
			<ymin>15</ymin>
			<xmax>166</xmax>
			<ymax>193</ymax>
		</bndbox>
	</object>
</annotation>