<annotation>
	<folder>bellpepper</folder>
	<filename>bellpepper_00023.jpg</filename>
	<path>C:\My_Files\UpWork_jobs\refrigerator_object_detection\refiragerator_dataset\bellpepper\bellpepper_00023.jpg</path>
	<source>
		<database>Unknown</database>
	</source>
	<size>
		<width>224</width>
		<height>224</height>
		<depth>3</depth>
	</size>
	<segmented>0</segmented>
	<object>
		<name>bellpepper</name>
		<pose>Unspecified</pose>
		<truncated>0</truncated>
		<difficult>0</difficult>
		<bndbox>
			<xmin>40</xmin>
			<ymin>54</ymin>
			<xmax>131</xmax>
			<ymax>140</ymax>
		</bndbox>
	</object>
	<object>
		<name>bellpepper</name>
		<pose>Unspecified</pose>
		<truncated>0</truncated>
		<difficult>0</difficult>
		<bndbox>
			<xmin>106</xmin>
			<ymin>79</ymin>
			<xmax>204</xmax>
			<ymax>174</ymax>
		</bndbox>
	</object>
	<object>
		<name>bellpepper</name>
		<pose>Unspecified</pose>
		<truncated>0</truncated>
		<difficult>0</difficult>
		<bndbox>
			<xmin>79</xmin>
			<ymin>149</ymin>
			<xmax>165</xmax>
			<ymax>203</ymax>
		</bndbox>
	</object>
	<object>
		<name>bellpepper</name>
		<pose>Unspecified</pose>
		<truncated>0</truncated>
		<difficult>0</difficult>
		<bndbox>
			<xmin>32</xmin>
			<ymin>133</ymin>
			<xmax>100</xmax>
			<ymax>187</ymax>
		</bndbox>
	</object>
	<object>
		<name>bellpepper</name>
		<pose>Unspecified</pose>
		<truncated>0</truncated>
		<difficult>0</difficult>
		<bndbox>
			<xmin>7</xmin>
			<ymin>124</ymin>
			<xmax>64</xmax>
			<ymax>169</ymax>
		</bndbox>
	</object>
	<object>
		<name>bellpepper</name>
		<pose>Unspecified</pose>
		<truncated>0</truncated>
		<difficult>0</difficult>
		<bndbox>
			<xmin>122</xmin>
			<ymin>16</ymin>
			<xmax>196</xmax>
			<ymax>85</ymax>
		</bndbox>
	</object>
</annotation>