<annotation>
	<folder>beverage</folder>
	<filename>beverage_00022.jpg</filename>
	<path>C:\My_Files\UpWork_jobs\refrigerator_object_detection2\refiragerator_dataset\beverage\beverage_00022.jpg</path>
	<source>
		<database>Unknown</database>
	</source>
	<size>
		<width>224</width>
		<height>224</height>
		<depth>3</depth>
	</size>
	<segmented>0</segmented>
	<object>
		<name>beverage</name>
		<pose>Unspecified</pose>
		<truncated>0</truncated>
		<difficult>0</difficult>
		<bndbox>
			<xmin>38</xmin>
			<ymin>47</ymin>
			<xmax>76</xmax>
			<ymax>198</ymax>
		</bndbox>
	</object>
	<object>
		<name>beverage</name>
		<pose>Unspecified</pose>
		<truncated>0</truncated>
		<difficult>0</difficult>
		<bndbox>
			<xmin>4</xmin>
			<ymin>43</ymin>
			<xmax>37</xmax>
			<ymax>195</ymax>
		</bndbox>
	</object>
	<object>
		<name>beverage</name>
		<pose>Unspecified</pose>
		<truncated>0</truncated>
		<difficult>0</difficult>
		<bndbox>
			<xmin>87</xmin>
			<ymin>40</ymin>
			<xmax>126</xmax>
			<ymax>206</ymax>
		</bndbox>
	</object>
	<object>
		<name>beverage</name>
		<pose>Unspecified</pose>
		<truncated>0</truncated>
		<difficult>0</difficult>
		<bndbox>
			<xmin>132</xmin>
			<ymin>36</ymin>
			<xmax>181</xmax>
			<ymax>215</ymax>
		</bndbox>
	</object>
	<object>
		<name>beverage</name>
		<pose>Unspecified</pose>
		<truncated>1</truncated>
		<difficult>0</difficult>
		<bndbox>
			<xmin>189</xmin>
			<ymin>37</ymin>
			<xmax>224</xmax>
			<ymax>223</ymax>
		</bndbox>
	</object>
</annotation>