<annotation>
	<folder>beverage</folder>
	<filename>beverage_00020.jpg</filename>
	<path>C:\My_Files\UpWork_jobs\refrigerator_object_detection\refiragerator_dataset\beverage\beverage_00020.jpg</path>
	<source>
		<database>Unknown</database>
	</source>
	<size>
		<width>224</width>
		<height>224</height>
		<depth>3</depth>
	</size>
	<segmented>0</segmented>
	<object>
		<name>beverage</name>
		<pose>Unspecified</pose>
		<truncated>0</truncated>
		<difficult>0</difficult>
		<bndbox>
			<xmin>91</xmin>
			<ymin>19</ymin>
			<xmax>110</xmax>
			<ymax>77</ymax>
		</bndbox>
	</object>
	<object>
		<name>beverage</name>
		<pose>Unspecified</pose>
		<truncated>0</truncated>
		<difficult>0</difficult>
		<bndbox>
			<xmin>110</xmin>
			<ymin>71</ymin>
			<xmax>132</xmax>
			<ymax>139</ymax>
		</bndbox>
	</object>
	<object>
		<name>beverage</name>
		<pose>Unspecified</pose>
		<truncated>0</truncated>
		<difficult>0</difficult>
		<bndbox>
			<xmin>132</xmin>
			<ymin>135</ymin>
			<xmax>158</xmax>
			<ymax>215</ymax>
		</bndbox>
	</object>
	<object>
		<name>beverage</name>
		<pose>Unspecified</pose>
		<truncated>0</truncated>
		<difficult>0</difficult>
		<bndbox>
			<xmin>33</xmin>
			<ymin>20</ymin>
			<xmax>51</xmax>
			<ymax>73</ymax>
		</bndbox>
	</object>
	<object>
		<name>beverage</name>
		<pose>Unspecified</pose>
		<truncated>0</truncated>
		<difficult>0</difficult>
		<bndbox>
			<xmin>43</xmin>
			<ymin>69</ymin>
			<xmax>65</xmax>
			<ymax>136</ymax>
		</bndbox>
	</object>
	<object>
		<name>beverage</name>
		<pose>Unspecified</pose>
		<truncated>0</truncated>
		<difficult>0</difficult>
		<bndbox>
			<xmin>7</xmin>
			<ymin>133</ymin>
			<xmax>35</xmax>
			<ymax>219</ymax>
		</bndbox>
	</object>
	<object>
		<name>beverage</name>
		<pose>Unspecified</pose>
		<truncated>0</truncated>
		<difficult>0</difficult>
		<bndbox>
			<xmin>151</xmin>
			<ymin>67</ymin>
			<xmax>175</xmax>
			<ymax>137</ymax>
		</bndbox>
	</object>
	<object>
		<name>beverage</name>
		<pose>Unspecified</pose>
		<truncated>0</truncated>
		<difficult>0</difficult>
		<bndbox>
			<xmin>183</xmin>
			<ymin>131</ymin>
			<xmax>211</xmax>
			<ymax>218</ymax>
		</bndbox>
	</object>
	<object>
		<name>beverage</name>
		<pose>Unspecified</pose>
		<truncated>0</truncated>
		<difficult>0</difficult>
		<bndbox>
			<xmin>166</xmin>
			<ymin>23</ymin>
			<xmax>187</xmax>
			<ymax>73</ymax>
		</bndbox>
	</object>
	<object>
		<name>beverage</name>
		<pose>Unspecified</pose>
		<truncated>0</truncated>
		<difficult>0</difficult>
		<bndbox>
			<xmin>197</xmin>
			<ymin>69</ymin>
			<xmax>219</xmax>
			<ymax>137</ymax>
		</bndbox>
	</object>
	<object>
		<name>beverage</name>
		<pose>Unspecified</pose>
		<truncated>0</truncated>
		<difficult>0</difficult>
		<bndbox>
			<xmin>189</xmin>
			<ymin>22</ymin>
			<xmax>205</xmax>
			<ymax>75</ymax>
		</bndbox>
	</object>
</annotation>