<annotation>
	<folder>beverage</folder>
	<filename>beverage_00053.jpg</filename>
	<path>C:\My_Files\UpWork_jobs\refrigerator_object_detection2\refiragerator_dataset\beverage\beverage_00053.jpg</path>
	<source>
		<database>Unknown</database>
	</source>
	<size>
		<width>224</width>
		<height>224</height>
		<depth>3</depth>
	</size>
	<segmented>0</segmented>
	<object>
		<name>beverage</name>
		<pose>Unspecified</pose>
		<truncated>0</truncated>
		<difficult>0</difficult>
		<bndbox>
			<xmin>63</xmin>
			<ymin>22</ymin>
			<xmax>105</xmax>
			<ymax>147</ymax>
		</bndbox>
	</object>
	<object>
		<name>beverage</name>
		<pose>Unspecified</pose>
		<truncated>0</truncated>
		<difficult>0</difficult>
		<bndbox>
			<xmin>105</xmin>
			<ymin>7</ymin>
			<xmax>149</xmax>
			<ymax>143</ymax>
		</bndbox>
	</object>
	<object>
		<name>beverage</name>
		<pose>Unspecified</pose>
		<truncated>1</truncated>
		<difficult>0</difficult>
		<bndbox>
			<xmin>150</xmin>
			<ymin>1</ymin>
			<xmax>201</xmax>
			<ymax>143</ymax>
		</bndbox>
	</object>
	<object>
		<name>beverage</name>
		<pose>Unspecified</pose>
		<truncated>1</truncated>
		<difficult>0</difficult>
		<bndbox>
			<xmin>200</xmin>
			<ymin>94</ymin>
			<xmax>224</xmax>
			<ymax>183</ymax>
		</bndbox>
	</object>
	<object>
		<name>beverage</name>
		<pose>Unspecified</pose>
		<truncated>1</truncated>
		<difficult>0</difficult>
		<bndbox>
			<xmin>147</xmin>
			<ymin>141</ymin>
			<xmax>195</xmax>
			<ymax>224</ymax>
		</bndbox>
	</object>
	<object>
		<name>beverage</name>
		<pose>Unspecified</pose>
		<truncated>1</truncated>
		<difficult>0</difficult>
		<bndbox>
			<xmin>106</xmin>
			<ymin>146</ymin>
			<xmax>146</xmax>
			<ymax>224</ymax>
		</bndbox>
	</object>
	<object>
		<name>beverage</name>
		<pose>Unspecified</pose>
		<truncated>1</truncated>
		<difficult>0</difficult>
		<bndbox>
			<xmin>64</xmin>
			<ymin>144</ymin>
			<xmax>104</xmax>
			<ymax>224</ymax>
		</bndbox>
	</object>
	<object>
		<name>beverage</name>
		<pose>Unspecified</pose>
		<truncated>0</truncated>
		<difficult>0</difficult>
		<bndbox>
			<xmin>6</xmin>
			<ymin>89</ymin>
			<xmax>27</xmax>
			<ymax>149</ymax>
		</bndbox>
	</object>
	<object>
		<name>beverage</name>
		<pose>Unspecified</pose>
		<truncated>0</truncated>
		<difficult>0</difficult>
		<bndbox>
			<xmin>29</xmin>
			<ymin>98</ymin>
			<xmax>42</xmax>
			<ymax>148</ymax>
		</bndbox>
	</object>
	<object>
		<name>beverage</name>
		<pose>Unspecified</pose>
		<truncated>1</truncated>
		<difficult>0</difficult>
		<bndbox>
			<xmin>38</xmin>
			<ymin>148</ymin>
			<xmax>59</xmax>
			<ymax>224</ymax>
		</bndbox>
	</object>
	<object>
		<name>beverage</name>
		<pose>Unspecified</pose>
		<truncated>0</truncated>
		<difficult>0</difficult>
		<bndbox>
			<xmin>8</xmin>
			<ymin>144</ymin>
			<xmax>35</xmax>
			<ymax>209</ymax>
		</bndbox>
	</object>
</annotation>