<annotation>
	<folder>beverage</folder>
	<filename>beverage_00027.jpg</filename>
	<path>C:\My_Files\UpWork_jobs\refrigerator_object_detection\refiragerator_dataset\beverage\beverage_00027.jpg</path>
	<source>
		<database>Unknown</database>
	</source>
	<size>
		<width>224</width>
		<height>224</height>
		<depth>3</depth>
	</size>
	<segmented>0</segmented>
	<object>
		<name>beverage</name>
		<pose>Unspecified</pose>
		<truncated>1</truncated>
		<difficult>0</difficult>
		<bndbox>
			<xmin>1</xmin>
			<ymin>5</ymin>
			<xmax>36</xmax>
			<ymax>117</ymax>
		</bndbox>
	</object>
	<object>
		<name>beverage</name>
		<pose>Unspecified</pose>
		<truncated>0</truncated>
		<difficult>0</difficult>
		<bndbox>
			<xmin>35</xmin>
			<ymin>4</ymin>
			<xmax>67</xmax>
			<ymax>116</ymax>
		</bndbox>
	</object>
	<object>
		<name>beverage</name>
		<pose>Unspecified</pose>
		<truncated>1</truncated>
		<difficult>0</difficult>
		<bndbox>
			<xmin>67</xmin>
			<ymin>1</ymin>
			<xmax>101</xmax>
			<ymax>116</ymax>
		</bndbox>
	</object>
	<object>
		<name>beverage</name>
		<pose>Unspecified</pose>
		<truncated>0</truncated>
		<difficult>0</difficult>
		<bndbox>
			<xmin>101</xmin>
			<ymin>2</ymin>
			<xmax>133</xmax>
			<ymax>114</ymax>
		</bndbox>
	</object>
	<object>
		<name>beverage</name>
		<pose>Unspecified</pose>
		<truncated>0</truncated>
		<difficult>0</difficult>
		<bndbox>
			<xmin>132</xmin>
			<ymin>4</ymin>
			<xmax>167</xmax>
			<ymax>111</ymax>
		</bndbox>
	</object>
	<object>
		<name>beverage</name>
		<pose>Unspecified</pose>
		<truncated>0</truncated>
		<difficult>0</difficult>
		<bndbox>
			<xmin>167</xmin>
			<ymin>4</ymin>
			<xmax>201</xmax>
			<ymax>116</ymax>
		</bndbox>
	</object>
	<object>
		<name>beverage</name>
		<pose>Unspecified</pose>
		<truncated>1</truncated>
		<difficult>0</difficult>
		<bndbox>
			<xmin>198</xmin>
			<ymin>4</ymin>
			<xmax>224</xmax>
			<ymax>118</ymax>
		</bndbox>
	</object>
	<object>
		<name>beverage</name>
		<pose>Unspecified</pose>
		<truncated>1</truncated>
		<difficult>0</difficult>
		<bndbox>
			<xmin>199</xmin>
			<ymin>117</ymin>
			<xmax>224</xmax>
			<ymax>224</ymax>
		</bndbox>
	</object>
	<object>
		<name>beverage</name>
		<pose>Unspecified</pose>
		<truncated>1</truncated>
		<difficult>0</difficult>
		<bndbox>
			<xmin>162</xmin>
			<ymin>113</ymin>
			<xmax>198</xmax>
			<ymax>224</ymax>
		</bndbox>
	</object>
	<object>
		<name>beverage</name>
		<pose>Unspecified</pose>
		<truncated>1</truncated>
		<difficult>0</difficult>
		<bndbox>
			<xmin>133</xmin>
			<ymin>112</ymin>
			<xmax>164</xmax>
			<ymax>224</ymax>
		</bndbox>
	</object>
	<object>
		<name>beverage</name>
		<pose>Unspecified</pose>
		<truncated>1</truncated>
		<difficult>0</difficult>
		<bndbox>
			<xmin>99</xmin>
			<ymin>114</ymin>
			<xmax>137</xmax>
			<ymax>224</ymax>
		</bndbox>
	</object>
	<object>
		<name>beverage</name>
		<pose>Unspecified</pose>
		<truncated>1</truncated>
		<difficult>0</difficult>
		<bndbox>
			<xmin>66</xmin>
			<ymin>115</ymin>
			<xmax>102</xmax>
			<ymax>224</ymax>
		</bndbox>
	</object>
	<object>
		<name>beverage</name>
		<pose>Unspecified</pose>
		<truncated>1</truncated>
		<difficult>0</difficult>
		<bndbox>
			<xmin>32</xmin>
			<ymin>115</ymin>
			<xmax>69</xmax>
			<ymax>224</ymax>
		</bndbox>
	</object>
	<object>
		<name>beverage</name>
		<pose>Unspecified</pose>
		<truncated>1</truncated>
		<difficult>0</difficult>
		<bndbox>
			<xmin>2</xmin>
			<ymin>117</ymin>
			<xmax>33</xmax>
			<ymax>224</ymax>
		</bndbox>
	</object>
</annotation>