<annotation>
	<folder>beverage</folder>
	<filename>beverage_00051.jpg</filename>
	<path>C:\My_Files\UpWork_jobs\refrigerator_object_detection\refiragerator_dataset\beverage\beverage_00051.jpg</path>
	<source>
		<database>Unknown</database>
	</source>
	<size>
		<width>224</width>
		<height>224</height>
		<depth>3</depth>
	</size>
	<segmented>0</segmented>
	<object>
		<name>beverage</name>
		<pose>Unspecified</pose>
		<truncated>0</truncated>
		<difficult>0</difficult>
		<bndbox>
			<xmin>3</xmin>
			<ymin>68</ymin>
			<xmax>25</xmax>
			<ymax>144</ymax>
		</bndbox>
	</object>
	<object>
		<name>beverage</name>
		<pose>Unspecified</pose>
		<truncated>0</truncated>
		<difficult>0</difficult>
		<bndbox>
			<xmin>3</xmin>
			<ymin>139</ymin>
			<xmax>27</xmax>
			<ymax>209</ymax>
		</bndbox>
	</object>
	<object>
		<name>beverage</name>
		<pose>Unspecified</pose>
		<truncated>0</truncated>
		<difficult>0</difficult>
		<bndbox>
			<xmin>23</xmin>
			<ymin>68</ymin>
			<xmax>44</xmax>
			<ymax>209</ymax>
		</bndbox>
	</object>
	<object>
		<name>beverage</name>
		<pose>Unspecified</pose>
		<truncated>0</truncated>
		<difficult>0</difficult>
		<bndbox>
			<xmin>41</xmin>
			<ymin>67</ymin>
			<xmax>65</xmax>
			<ymax>203</ymax>
		</bndbox>
	</object>
	<object>
		<name>beverage</name>
		<pose>Unspecified</pose>
		<truncated>0</truncated>
		<difficult>0</difficult>
		<bndbox>
			<xmin>63</xmin>
			<ymin>68</ymin>
			<xmax>85</xmax>
			<ymax>204</ymax>
		</bndbox>
	</object>
	<object>
		<name>beverage</name>
		<pose>Unspecified</pose>
		<truncated>0</truncated>
		<difficult>0</difficult>
		<bndbox>
			<xmin>81</xmin>
			<ymin>70</ymin>
			<xmax>103</xmax>
			<ymax>204</ymax>
		</bndbox>
	</object>
	<object>
		<name>beverage</name>
		<pose>Unspecified</pose>
		<truncated>0</truncated>
		<difficult>0</difficult>
		<bndbox>
			<xmin>102</xmin>
			<ymin>64</ymin>
			<xmax>122</xmax>
			<ymax>204</ymax>
		</bndbox>
	</object>
	<object>
		<name>beverage</name>
		<pose>Unspecified</pose>
		<truncated>0</truncated>
		<difficult>0</difficult>
		<bndbox>
			<xmin>120</xmin>
			<ymin>92</ymin>
			<xmax>142</xmax>
			<ymax>205</ymax>
		</bndbox>
	</object>
	<object>
		<name>beverage</name>
		<pose>Unspecified</pose>
		<truncated>0</truncated>
		<difficult>0</difficult>
		<bndbox>
			<xmin>136</xmin>
			<ymin>69</ymin>
			<xmax>155</xmax>
			<ymax>138</ymax>
		</bndbox>
	</object>
	<object>
		<name>beverage</name>
		<pose>Unspecified</pose>
		<truncated>0</truncated>
		<difficult>0</difficult>
		<bndbox>
			<xmin>139</xmin>
			<ymin>135</ymin>
			<xmax>157</xmax>
			<ymax>205</ymax>
		</bndbox>
	</object>
	<object>
		<name>beverage</name>
		<pose>Unspecified</pose>
		<truncated>0</truncated>
		<difficult>0</difficult>
		<bndbox>
			<xmin>155</xmin>
			<ymin>133</ymin>
			<xmax>175</xmax>
			<ymax>205</ymax>
		</bndbox>
	</object>
	<object>
		<name>beverage</name>
		<pose>Unspecified</pose>
		<truncated>0</truncated>
		<difficult>0</difficult>
		<bndbox>
			<xmin>174</xmin>
			<ymin>132</ymin>
			<xmax>191</xmax>
			<ymax>204</ymax>
		</bndbox>
	</object>
	<object>
		<name>beverage</name>
		<pose>Unspecified</pose>
		<truncated>0</truncated>
		<difficult>0</difficult>
		<bndbox>
			<xmin>190</xmin>
			<ymin>134</ymin>
			<xmax>212</xmax>
			<ymax>207</ymax>
		</bndbox>
	</object>
	<object>
		<name>beverage</name>
		<pose>Unspecified</pose>
		<truncated>0</truncated>
		<difficult>0</difficult>
		<bndbox>
			<xmin>192</xmin>
			<ymin>68</ymin>
			<xmax>213</xmax>
			<ymax>136</ymax>
		</bndbox>
	</object>
	<object>
		<name>beverage</name>
		<pose>Unspecified</pose>
		<truncated>0</truncated>
		<difficult>0</difficult>
		<bndbox>
			<xmin>173</xmin>
			<ymin>67</ymin>
			<xmax>194</xmax>
			<ymax>139</ymax>
		</bndbox>
	</object>
	<object>
		<name>beverage</name>
		<pose>Unspecified</pose>
		<truncated>0</truncated>
		<difficult>0</difficult>
		<bndbox>
			<xmin>155</xmin>
			<ymin>67</ymin>
			<xmax>173</xmax>
			<ymax>137</ymax>
		</bndbox>
	</object>
</annotation>