<annotation>
	<folder>beverage</folder>
	<filename>beverage_00024.jpg</filename>
	<path>C:\My_Files\UpWork_jobs\refrigerator_object_detection\refiragerator_dataset\beverage\beverage_00024.jpg</path>
	<source>
		<database>Unknown</database>
	</source>
	<size>
		<width>224</width>
		<height>224</height>
		<depth>3</depth>
	</size>
	<segmented>0</segmented>
	<object>
		<name>beverage</name>
		<pose>Unspecified</pose>
		<truncated>0</truncated>
		<difficult>0</difficult>
		<bndbox>
			<xmin>84</xmin>
			<ymin>6</ymin>
			<xmax>113</xmax>
			<ymax>41</ymax>
		</bndbox>
	</object>
	<object>
		<name>beverage</name>
		<pose>Unspecified</pose>
		<truncated>0</truncated>
		<difficult>0</difficult>
		<bndbox>
			<xmin>113</xmin>
			<ymin>2</ymin>
			<xmax>139</xmax>
			<ymax>38</ymax>
		</bndbox>
	</object>
	<object>
		<name>beverage</name>
		<pose>Unspecified</pose>
		<truncated>0</truncated>
		<difficult>0</difficult>
		<bndbox>
			<xmin>138</xmin>
			<ymin>2</ymin>
			<xmax>164</xmax>
			<ymax>39</ymax>
		</bndbox>
	</object>
	<object>
		<name>beverage</name>
		<pose>Unspecified</pose>
		<truncated>0</truncated>
		<difficult>0</difficult>
		<bndbox>
			<xmin>164</xmin>
			<ymin>2</ymin>
			<xmax>186</xmax>
			<ymax>41</ymax>
		</bndbox>
	</object>
	<object>
		<name>beverage</name>
		<pose>Unspecified</pose>
		<truncated>0</truncated>
		<difficult>0</difficult>
		<bndbox>
			<xmin>85</xmin>
			<ymin>52</ymin>
			<xmax>111</xmax>
			<ymax>98</ymax>
		</bndbox>
	</object>
	<object>
		<name>beverage</name>
		<pose>Unspecified</pose>
		<truncated>0</truncated>
		<difficult>0</difficult>
		<bndbox>
			<xmin>109</xmin>
			<ymin>52</ymin>
			<xmax>136</xmax>
			<ymax>96</ymax>
		</bndbox>
	</object>
	<object>
		<name>beverage</name>
		<pose>Unspecified</pose>
		<truncated>0</truncated>
		<difficult>0</difficult>
		<bndbox>
			<xmin>136</xmin>
			<ymin>50</ymin>
			<xmax>165</xmax>
			<ymax>95</ymax>
		</bndbox>
	</object>
	<object>
		<name>beverage</name>
		<pose>Unspecified</pose>
		<truncated>0</truncated>
		<difficult>0</difficult>
		<bndbox>
			<xmin>165</xmin>
			<ymin>49</ymin>
			<xmax>192</xmax>
			<ymax>97</ymax>
		</bndbox>
	</object>
	<object>
		<name>beverage</name>
		<pose>Unspecified</pose>
		<truncated>0</truncated>
		<difficult>0</difficult>
		<bndbox>
			<xmin>105</xmin>
			<ymin>115</ymin>
			<xmax>130</xmax>
			<ymax>172</ymax>
		</bndbox>
	</object>
	<object>
		<name>beverage</name>
		<pose>Unspecified</pose>
		<truncated>0</truncated>
		<difficult>0</difficult>
		<bndbox>
			<xmin>130</xmin>
			<ymin>116</ymin>
			<xmax>154</xmax>
			<ymax>172</ymax>
		</bndbox>
	</object>
	<object>
		<name>beverage</name>
		<pose>Unspecified</pose>
		<truncated>0</truncated>
		<difficult>0</difficult>
		<bndbox>
			<xmin>154</xmin>
			<ymin>116</ymin>
			<xmax>184</xmax>
			<ymax>175</ymax>
		</bndbox>
	</object>
	<object>
		<name>beverage</name>
		<pose>Unspecified</pose>
		<truncated>0</truncated>
		<difficult>0</difficult>
		<bndbox>
			<xmin>77</xmin>
			<ymin>117</ymin>
			<xmax>105</xmax>
			<ymax>176</ymax>
		</bndbox>
	</object>
	<object>
		<name>beverage</name>
		<pose>Unspecified</pose>
		<truncated>0</truncated>
		<difficult>0</difficult>
		<bndbox>
			<xmin>52</xmin>
			<ymin>118</ymin>
			<xmax>79</xmax>
			<ymax>173</ymax>
		</bndbox>
	</object>
	<object>
		<name>beverage</name>
		<pose>Unspecified</pose>
		<truncated>0</truncated>
		<difficult>0</difficult>
		<bndbox>
			<xmin>60</xmin>
			<ymin>52</ymin>
			<xmax>87</xmax>
			<ymax>97</ymax>
		</bndbox>
	</object>
	<object>
		<name>beverage</name>
		<pose>Unspecified</pose>
		<truncated>1</truncated>
		<difficult>0</difficult>
		<bndbox>
			<xmin>116</xmin>
			<ymin>188</ymin>
			<xmax>140</xmax>
			<ymax>224</ymax>
		</bndbox>
	</object>
	<object>
		<name>beverage</name>
		<pose>Unspecified</pose>
		<truncated>1</truncated>
		<difficult>0</difficult>
		<bndbox>
			<xmin>142</xmin>
			<ymin>187</ymin>
			<xmax>159</xmax>
			<ymax>224</ymax>
		</bndbox>
	</object>
	<object>
		<name>beverage</name>
		<pose>Unspecified</pose>
		<truncated>1</truncated>
		<difficult>0</difficult>
		<bndbox>
			<xmin>156</xmin>
			<ymin>185</ymin>
			<xmax>181</xmax>
			<ymax>224</ymax>
		</bndbox>
	</object>
	<object>
		<name>beverage</name>
		<pose>Unspecified</pose>
		<truncated>0</truncated>
		<difficult>0</difficult>
		<bndbox>
			<xmin>71</xmin>
			<ymin>174</ymin>
			<xmax>90</xmax>
			<ymax>213</ymax>
		</bndbox>
	</object>
	<object>
		<name>beverage</name>
		<pose>Unspecified</pose>
		<truncated>0</truncated>
		<difficult>0</difficult>
		<bndbox>
			<xmin>47</xmin>
			<ymin>176</ymin>
			<xmax>73</xmax>
			<ymax>214</ymax>
		</bndbox>
	</object>
</annotation>