<annotation>
	<folder>cabbage</folder>
	<filename>cabbage_00004.jpg</filename>
	<path>C:\My_Files\UpWork_jobs\refrigerator_object_detection\refiragerator_dataset\cabbage\cabbage_00004.jpg</path>
	<source>
		<database>Unknown</database>
	</source>
	<size>
		<width>224</width>
		<height>224</height>
		<depth>3</depth>
	</size>
	<segmented>0</segmented>
	<object>
		<name>cabbage</name>
		<pose>Unspecified</pose>
		<truncated>0</truncated>
		<difficult>0</difficult>
		<bndbox>
			<xmin>25</xmin>
			<ymin>79</ymin>
			<xmax>83</xmax>
			<ymax>169</ymax>
		</bndbox>
	</object>
	<object>
		<name>cabbage</name>
		<pose>Unspecified</pose>
		<truncated>0</truncated>
		<difficult>0</difficult>
		<bndbox>
			<xmin>84</xmin>
			<ymin>71</ymin>
			<xmax>144</xmax>
			<ymax>143</ymax>
		</bndbox>
	</object>
	<object>
		<name>cabbage</name>
		<pose>Unspecified</pose>
		<truncated>1</truncated>
		<difficult>0</difficult>
		<bndbox>
			<xmin>120</xmin>
			<ymin>112</ymin>
			<xmax>216</xmax>
			<ymax>224</ymax>
		</bndbox>
	</object>
	<object>
		<name>cabbage</name>
		<pose>Unspecified</pose>
		<truncated>1</truncated>
		<difficult>0</difficult>
		<bndbox>
			<xmin>58</xmin>
			<ymin>124</ymin>
			<xmax>124</xmax>
			<ymax>224</ymax>
		</bndbox>
	</object>
</annotation>