<annotation>
	<folder>cabbage</folder>
	<filename>cabbage_00027.jpg</filename>
	<path>C:\My_Files\UpWork_jobs\refrigerator_object_detection\refiragerator_dataset\cabbage\cabbage_00027.jpg</path>
	<source>
		<database>Unknown</database>
	</source>
	<size>
		<width>224</width>
		<height>224</height>
		<depth>3</depth>
	</size>
	<segmented>0</segmented>
	<object>
		<name>cabbage</name>
		<pose>Unspecified</pose>
		<truncated>0</truncated>
		<difficult>0</difficult>
		<bndbox>
			<xmin>24</xmin>
			<ymin>21</ymin>
			<xmax>167</xmax>
			<ymax>205</ymax>
		</bndbox>
	</object>
</annotation>