<annotation>
	<folder>cabbage</folder>
	<filename>cabbage_00040.jpg</filename>
	<path>C:\My_Files\UpWork_jobs\refrigerator_object_detection\refiragerator_dataset\cabbage\cabbage_00040.jpg</path>
	<source>
		<database>Unknown</database>
	</source>
	<size>
		<width>224</width>
		<height>224</height>
		<depth>3</depth>
	</size>
	<segmented>0</segmented>
	<object>
		<name>cabbage</name>
		<pose>Unspecified</pose>
		<truncated>0</truncated>
		<difficult>0</difficult>
		<bndbox>
			<xmin>20</xmin>
			<ymin>12</ymin>
			<xmax>199</xmax>
			<ymax>220</ymax>
		</bndbox>
	</object>
	<object>
		<name>cabbage</name>
		<pose>Unspecified</pose>
		<truncated>1</truncated>
		<difficult>0</difficult>
		<bndbox>
			<xmin>105</xmin>
			<ymin>1</ymin>
			<xmax>224</xmax>
			<ymax>102</ymax>
		</bndbox>
	</object>
	<object>
		<name>cabbage</name>
		<pose>Unspecified</pose>
		<truncated>1</truncated>
		<difficult>0</difficult>
		<bndbox>
			<xmin>1</xmin>
			<ymin>1</ymin>
			<xmax>85</xmax>
			<ymax>126</ymax>
		</bndbox>
	</object>
</annotation>