<annotation>
	<folder>cabbage</folder>
	<filename>cabbage_00013.jpg</filename>
	<path>C:\My_Files\UpWork_jobs\refrigerator_object_detection\refiragerator_dataset\cabbage\cabbage_00013.jpg</path>
	<source>
		<database>Unknown</database>
	</source>
	<size>
		<width>224</width>
		<height>224</height>
		<depth>3</depth>
	</size>
	<segmented>0</segmented>
	<object>
		<name>cabbage</name>
		<pose>Unspecified</pose>
		<truncated>1</truncated>
		<difficult>0</difficult>
		<bndbox>
			<xmin>1</xmin>
			<ymin>21</ymin>
			<xmax>128</xmax>
			<ymax>224</ymax>
		</bndbox>
	</object>
	<object>
		<name>cabbage</name>
		<pose>Unspecified</pose>
		<truncated>1</truncated>
		<difficult>0</difficult>
		<bndbox>
			<xmin>116</xmin>
			<ymin>4</ymin>
			<xmax>224</xmax>
			<ymax>224</ymax>
		</bndbox>
	</object>
</annotation>