<annotation>
	<folder>carrot</folder>
	<filename>carrot_00016.jpg</filename>
	<path>C:\My_Files\UpWork_jobs\refrigerator_object_detection\refiragerator_dataset\carrot\carrot_00016.jpg</path>
	<source>
		<database>Unknown</database>
	</source>
	<size>
		<width>224</width>
		<height>224</height>
		<depth>3</depth>
	</size>
	<segmented>0</segmented>
	<object>
		<name>carrot</name>
		<pose>Unspecified</pose>
		<truncated>1</truncated>
		<difficult>0</difficult>
		<bndbox>
			<xmin>33</xmin>
			<ymin>29</ymin>
			<xmax>224</xmax>
			<ymax>197</ymax>
		</bndbox>
	</object>
</annotation>