<annotation>
	<folder>carrot</folder>
	<filename>carrot_00010.jpg</filename>
	<path>C:\My_Files\UpWork_jobs\refrigerator_object_detection\refiragerator_dataset\carrot\carrot_00010.jpg</path>
	<source>
		<database>Unknown</database>
	</source>
	<size>
		<width>224</width>
		<height>224</height>
		<depth>3</depth>
	</size>
	<segmented>0</segmented>
	<object>
		<name>carrot</name>
		<pose>Unspecified</pose>
		<truncated>0</truncated>
		<difficult>0</difficult>
		<bndbox>
			<xmin>104</xmin>
			<ymin>17</ymin>
			<xmax>181</xmax>
			<ymax>68</ymax>
		</bndbox>
	</object>
	<object>
		<name>carrot</name>
		<pose>Unspecified</pose>
		<truncated>0</truncated>
		<difficult>0</difficult>
		<bndbox>
			<xmin>67</xmin>
			<ymin>69</ymin>
			<xmax>193</xmax>
			<ymax>140</ymax>
		</bndbox>
	</object>
	<object>
		<name>carrot</name>
		<pose>Unspecified</pose>
		<truncated>0</truncated>
		<difficult>0</difficult>
		<bndbox>
			<xmin>51</xmin>
			<ymin>127</ymin>
			<xmax>199</xmax>
			<ymax>219</ymax>
		</bndbox>
	</object>
</annotation>