<annotation>
	<folder>carrot</folder>
	<filename>carrot_00006.jpg</filename>
	<path>C:\My_Files\UpWork_jobs\refrigerator_object_detection\refiragerator_dataset\carrot\carrot_00006.jpg</path>
	<source>
		<database>Unknown</database>
	</source>
	<size>
		<width>224</width>
		<height>224</height>
		<depth>3</depth>
	</size>
	<segmented>0</segmented>
	<object>
		<name>carrot</name>
		<pose>Unspecified</pose>
		<truncated>1</truncated>
		<difficult>0</difficult>
		<bndbox>
			<xmin>1</xmin>
			<ymin>69</ymin>
			<xmax>97</xmax>
			<ymax>182</ymax>
		</bndbox>
	</object>
	<object>
		<name>carrot</name>
		<pose>Unspecified</pose>
		<truncated>1</truncated>
		<difficult>0</difficult>
		<bndbox>
			<xmin>1</xmin>
			<ymin>74</ymin>
			<xmax>199</xmax>
			<ymax>209</ymax>
		</bndbox>
	</object>
	<object>
		<name>carrot</name>
		<pose>Unspecified</pose>
		<truncated>1</truncated>
		<difficult>0</difficult>
		<bndbox>
			<xmin>1</xmin>
			<ymin>134</ymin>
			<xmax>198</xmax>
			<ymax>224</ymax>
		</bndbox>
	</object>
</annotation>